Week,Day,Date,Time,Outcome,OT,At,Opp,Tm,Opp,1stDOff,TotYdOff,PassYOff,RushYOff,TOOff,1stDDef,TotYdDef,PassYDef,RushYDef,TODef,Team,TwtCount
1,Thu,7-Sep,8:30PM ET,L,,,Kansas City Chiefs,27,42,25,371,247,124,,26,537,352,185,1,New England Patriots,
2,Sun,17-Sep,1:00PM ET,W,,@,New Orleans Saints,36,20,29,555,436,119,,20,429,348,81,,New England Patriots,
3,Sun,24-Sep,1:00PM ET,W,,,Houston Texans,36,33,21,396,337,59,1,23,417,292,125,2,New England Patriots,
4,Sun,1-Oct,1:00PM ET,L,,,Carolina Panthers,30,33,24,373,293,80,,28,444,304,140,2,New England Patriots,
5,Thu,5-Oct,8:25PM ET,W,,@,Tampa Bay Buccaneers,19,14,23,402,289,113,2,26,409,319,90,,New England Patriots,
6,Sun,15-Oct,1:00PM ET,W,,@,New York Jets,24,17,23,375,257,118,2,23,408,334,74,3,New England Patriots,
7,Sun,22-Oct,8:30PM ET,W,,,Atlanta Falcons,23,7,25,403,241,162,,21,343,223,120,,New England Patriots,
8,Sun,29-Oct,1:00PM ET,W,,,Los Angeles Chargers,21,13,27,414,317,97,,16,349,192,157,1,New England Patriots,
9,,,,,,,,,,,,,,,,,,,,New England Patriots,
10,Sun,12-Nov,8:30PM ET,W,,@,Denver Broncos,41,16,28,396,297,99,,17,339,221,118,2,New England Patriots,
11,Sun,19-Nov,4:25PM ET,W,,@,Oakland Raiders,33,8,25,421,332,89,,21,344,235,109,2,New England Patriots,
12,Sun,26-Nov,1:00PM ET,W,,,Miami Dolphins,35,17,25,417,221,196,2,15,221,154,67,3,New England Patriots,
13,Sun,3-Dec,1:00PM ET,W,,@,Buffalo Bills,23,3,23,435,244,191,1,16,268,85,183,1,New England Patriots,
14,Mon,11-Dec,8:30PM ET,L,,@,Miami Dolphins,20,27,14,248,223,25,2,21,362,242,120,,New England Patriots,
15,Sun,17-Dec,4:25PM ET,W,,@,Pittsburgh Steelers,27,24,21,360,283,77,1,21,413,270,143,1,New England Patriots,
16,Sun,24-Dec,1:00PM ET,W,,,Buffalo Bills,37,16,28,411,218,193,1,17,326,242,84,,New England Patriots,
17,Sun,31-Dec,1:00PM ET,W,,,New York Jets,26,6,28,330,183,147,,14,247,207,40,,New England Patriots,
1,Sun,10-Sep,1:00PM ET,W,,,New York Jets,21,12,23,408,218,190,1,11,214,176,38,2,Buffalo Bills,
2,Sun,17-Sep,1:00PM ET,L,,@,Carolina Panthers,3,9,10,176,107,69,,19,255,178,77,,Buffalo Bills,
3,Sun,24-Sep,1:00PM ET,W,,,Denver Broncos,26,16,16,272,197,75,,21,366,255,111,2,Buffalo Bills,
4,Sun,1-Oct,1:00PM ET,W,,@,Atlanta Falcons,23,17,15,281,164,117,,25,389,242,147,3,Buffalo Bills,
5,Sun,8-Oct,1:00PM ET,L,,@,Cincinnati Bengals,16,20,17,221,139,82,1,18,388,323,65,3,Buffalo Bills,
6,,,,,,,,,,,,,,,,,,,,Buffalo Bills,
7,Sun,22-Oct,1:00PM ET,W,,,Tampa Bay Buccaneers,30,27,23,434,261,173,1,27,447,378,69,3,Buffalo Bills,
8,Sun,29-Oct,1:00PM ET,W,,,Oakland Raiders,34,14,17,331,165,166,,23,367,313,54,4,Buffalo Bills,
9,Thu,2-Nov,8:25PM ET,L,,@,New York Jets,21,34,21,307,244,63,3,21,331,137,194,,Buffalo Bills,
10,Sun,12-Nov,1:00PM ET,L,,,New Orleans Saints,10,47,10,198,129,69,1,32,482,184,298,1,Buffalo Bills,
11,Sun,19-Nov,4:05PM ET,L,,@,Los Angeles Chargers,24,54,18,393,220,173,6,28,429,283,146,,Buffalo Bills,
12,Sun,26-Nov,1:00PM ET,W,,@,Kansas City Chiefs,16,10,17,268,164,104,,14,236,181,55,1,Buffalo Bills,
13,Sun,3-Dec,1:00PM ET,L,,,New England Patriots,3,23,16,268,85,183,1,23,435,244,191,1,Buffalo Bills,
14,Sun,10-Dec,1:00PM ET,W,OT,,Indianapolis Colts,13,7,14,319,92,227,2,16,227,64,163,,Buffalo Bills,
15,Sun,17-Dec,1:00PM ET,W,,,Miami Dolphins,24,16,21,328,212,116,,21,349,249,100,3,Buffalo Bills,
16,Sun,24-Dec,1:00PM ET,L,,@,New England Patriots,16,37,17,326,242,84,,28,411,218,193,1,Buffalo Bills,
17,Sun,31-Dec,4:25PM ET,W,,@,Miami Dolphins,22,16,23,312,186,126,,21,356,263,93,1,Buffalo Bills,
1,,,,,,,,,,,,,,,,,,,,Miami Dolphins,
2,Sun,17-Sep,4:05PM ET,W,,@,Los Angeles Chargers,19,17,21,336,225,111,,24,367,323,44,,Miami Dolphins,
3,Sun,24-Sep,1:00PM ET,L,,@,New York Jets,6,20,16,225,195,30,2,16,336,233,103,1,Miami Dolphins,
4,Sun,1-Oct,9:30AM ET,L,,,New Orleans Saints,0,20,11,186,128,58,1,22,347,261,86,,Miami Dolphins,
5,Sun,8-Oct,1:00PM ET,W,,,Tennessee Titans,16,10,12,178,78,100,2,14,188,119,69,2,Miami Dolphins,
6,Sun,15-Oct,1:00PM ET,W,,@,Atlanta Falcons,20,17,20,289,151,138,1,19,339,239,100,1,Miami Dolphins,
7,Sun,22-Oct,1:00PM ET,W,,,New York Jets,31,28,25,357,304,53,2,16,272,180,92,2,Miami Dolphins,
8,Thu,26-Oct,8:25PM ET,L,,@,Baltimore Ravens,0,40,13,196,151,45,2,19,295,121,174,,Miami Dolphins,
9,Sun,5-Nov,8:30PM ET,L,,,Oakland Raiders,24,27,23,395,309,86,1,20,379,295,84,2,Miami Dolphins,
10,Mon,13-Nov,8:30PM ET,L,,@,Carolina Panthers,21,45,17,313,213,100,1,30,548,254,294,,Miami Dolphins,
11,Sun,19-Nov,1:00PM ET,L,,,Tampa Bay Buccaneers,20,30,18,448,365,83,5,19,321,268,53,,Miami Dolphins,
12,Sun,26-Nov,1:00PM ET,L,,@,New England Patriots,17,35,15,221,154,67,3,25,417,221,196,2,Miami Dolphins,
13,Sun,3-Dec,1:00PM ET,W,,,Denver Broncos,35,9,15,367,222,145,3,14,270,167,103,3,Miami Dolphins,
14,Mon,11-Dec,8:30PM ET,W,,,New England Patriots,27,20,21,362,242,120,,14,248,223,25,2,Miami Dolphins,
15,Sun,17-Dec,1:00PM ET,L,,@,Buffalo Bills,16,24,21,349,249,100,3,21,328,212,116,,Miami Dolphins,
16,Sun,24-Dec,1:00PM ET,L,,@,Kansas City Chiefs,13,29,15,345,286,59,2,23,404,301,103,,Miami Dolphins,
17,Sun,31-Dec,4:25PM ET,L,,,Buffalo Bills,16,22,21,356,263,93,1,23,312,186,126,,Miami Dolphins,
1,Sun,10-Sep,1:00PM ET,L,,@,Buffalo Bills,12,21,11,214,176,38,2,23,408,218,190,1,New York Jets,
2,Sun,17-Sep,4:05PM ET,L,,@,Oakland Raiders,20,45,17,271,145,126,2,21,410,230,180,,New York Jets,
3,Sun,24-Sep,1:00PM ET,W,,,Miami Dolphins,20,6,16,336,233,103,1,16,225,195,30,2,New York Jets,
4,Sun,1-Oct,1:00PM ET,W,OT,,Jacksonville Jaguars,23,20,18,471,215,256,2,20,311,136,175,1,New York Jets,
5,Sun,8-Oct,1:00PM ET,W,,@,Cleveland Browns,17,14,14,212,178,34,1,22,419,279,140,3,New York Jets,
6,Sun,15-Oct,1:00PM ET,L,,,New England Patriots,17,24,23,408,334,74,3,23,375,257,118,2,New York Jets,
7,Sun,22-Oct,1:00PM ET,L,,@,Miami Dolphins,28,31,16,272,180,92,2,25,357,304,53,2,New York Jets,
8,Sun,29-Oct,1:00PM ET,L,,,Atlanta Falcons,20,25,15,279,236,43,1,18,386,246,140,2,New York Jets,
9,Thu,2-Nov,8:25PM ET,W,,,Buffalo Bills,34,21,21,331,137,194,,21,307,244,63,3,New York Jets,
10,Sun,12-Nov,1:00PM ET,L,,@,Tampa Bay Buccaneers,10,15,15,275,219,56,2,17,271,181,90,1,New York Jets,
11,,,,,,,,,,,,,,,,,,,,New York Jets,
12,Sun,26-Nov,1:00PM ET,L,,,Carolina Panthers,27,35,21,391,282,109,1,17,299,154,145,,New York Jets,
13,Sun,3-Dec,1:00PM ET,W,,,Kansas City Chiefs,38,31,30,488,331,157,,17,474,362,112,,New York Jets,
14,Sun,10-Dec,4:05PM ET,L,,@,Denver Broncos,0,23,6,100,41,59,2,17,273,189,84,,New York Jets,
15,Sun,17-Dec,1:00PM ET,L,,@,New Orleans Saints,19,31,19,294,170,124,2,23,412,281,131,3,New York Jets,
16,Sun,24-Dec,1:00PM ET,L,,,Los Angeles Chargers,7,14,13,295,98,197,3,21,379,290,89,,New York Jets,
17,Sun,31-Dec,1:00PM ET,L,,@,New England Patriots,6,26,14,247,207,40,,28,330,183,147,,New York Jets,
1,Sun,10-Sep,1:00PM ET,W,,@,Cleveland Browns,21,18,16,290,255,35,1,20,237,180,57,1,Pittsburgh Steelers,
2,Sun,17-Sep,1:00PM ET,W,,,Minnesota Vikings,26,9,22,335,233,102,,14,237,146,91,1,Pittsburgh Steelers,
3,Sun,24-Sep,1:00PM ET,L,OT,@,Chicago Bears,17,23,19,282,212,70,2,18,306,84,222,2,Pittsburgh Steelers,
4,Sun,1-Oct,1:00PM ET,W,,@,Baltimore Ravens,26,9,22,381,208,173,1,18,288,206,82,3,Pittsburgh Steelers,
5,Sun,8-Oct,1:00PM ET,L,,,Jacksonville Jaguars,9,30,21,371,301,70,5,15,313,82,231,1,Pittsburgh Steelers,
6,Sun,15-Oct,4:25PM ET,W,,@,Kansas City Chiefs,19,13,23,439,245,194,1,12,251,223,28,,Pittsburgh Steelers,
7,Sun,22-Oct,4:25PM ET,W,,,Cincinnati Bengals,29,14,21,420,268,152,,11,179,108,71,2,Pittsburgh Steelers,
8,Sun,29-Oct,8:30PM ET,W,,@,Detroit Lions,20,15,17,392,317,75,2,21,482,411,71,1,Pittsburgh Steelers,
9,,,,,,,,,,,,,,,,,,,,Pittsburgh Steelers,
10,Sun,12-Nov,1:00PM ET,W,,@,Indianapolis Colts,20,17,18,316,228,88,1,13,267,196,71,1,Pittsburgh Steelers,
11,Thu,16-Nov,8:25PM ET,W,,,Tennessee Titans,40,17,25,349,284,65,,17,316,264,52,4,Pittsburgh Steelers,
12,Sun,26-Nov,8:30PM ET,W,,,Green Bay Packers,31,28,28,462,341,121,3,15,307,227,80,,Pittsburgh Steelers,
13,Mon,4-Dec,8:30PM ET,W,,@,Cincinnati Bengals,23,20,24,374,282,92,1,19,353,223,130,,Pittsburgh Steelers,
14,Sun,10-Dec,8:30PM ET,W,,,Baltimore Ravens,39,38,31,545,486,59,,26,413,261,152,1,Pittsburgh Steelers,
15,Sun,17-Dec,4:25PM ET,L,,,New England Patriots,24,27,21,413,270,143,1,21,360,283,77,1,Pittsburgh Steelers,
16,Mon,25-Dec,4:30PM ET,W,,@,Houston Texans,34,6,20,330,226,104,,13,227,51,176,2,Pittsburgh Steelers,
17,Sun,31-Dec,1:00PM ET,W,,,Cleveland Browns,28,24,20,348,224,124,2,17,374,272,102,2,Pittsburgh Steelers,
1,Sun,10-Sep,1:00PM ET,W,,@,Cincinnati Bengals,20,0,17,268,111,157,1,14,221,144,77,5,Baltimore Ravens,
2,Sun,17-Sep,1:00PM ET,W,,,Cleveland Browns,24,10,24,337,201,136,2,20,386,293,93,5,Baltimore Ravens,
3,Sun,24-Sep,9:30AM ET,L,,@,Jacksonville Jaguars,7,44,12,186,52,134,3,24,410,244,166,,Baltimore Ravens,
4,Sun,1-Oct,1:00PM ET,L,,,Pittsburgh Steelers,9,26,18,288,206,82,3,22,381,208,173,1,Baltimore Ravens,
5,Sun,8-Oct,4:05PM ET,W,,@,Oakland Raiders,30,17,19,365,222,143,,15,245,137,108,1,Baltimore Ravens,
6,Sun,15-Oct,1:00PM ET,L,OT,,Chicago Bears,24,27,16,291,166,125,3,18,342,111,231,2,Baltimore Ravens,
7,Sun,22-Oct,1:00PM ET,L,,@,Minnesota Vikings,16,24,16,208,144,64,,17,357,188,169,1,Baltimore Ravens,
8,Thu,26-Oct,8:25PM ET,W,,,Miami Dolphins,40,0,19,295,121,174,,13,196,151,45,2,Baltimore Ravens,
9,Sun,5-Nov,1:00PM ET,L,,@,Tennessee Titans,20,23,24,341,268,73,2,14,257,186,71,1,Baltimore Ravens,
10,,,,,,,,,,,,,,,,,,,,Baltimore Ravens,
11,Sun,19-Nov,1:00PM ET,W,,@,Green Bay Packers,23,0,14,219,161,58,1,16,265,190,75,5,Baltimore Ravens,
12,Mon,27-Nov,8:30PM ET,W,,,Houston Texans,23,16,17,294,155,139,,20,303,237,66,3,Baltimore Ravens,
13,Sun,3-Dec,1:00PM ET,W,,,Detroit Lions,44,20,24,370,269,101,,18,372,294,78,3,Baltimore Ravens,
14,Sun,10-Dec,8:30PM ET,L,,@,Pittsburgh Steelers,38,39,26,413,261,152,1,31,545,486,59,,Baltimore Ravens,
15,Sun,17-Dec,1:00PM ET,W,,@,Cleveland Browns,27,10,23,376,279,97,,15,266,136,130,4,Baltimore Ravens,
16,Sat,23-Dec,4:30PM ET,W,,,Indianapolis Colts,23,16,23,323,220,103,,17,296,203,93,,Baltimore Ravens,
17,Sun,31-Dec,4:25PM ET,L,,,Cincinnati Bengals,27,31,19,312,194,118,1,22,359,213,146,1,Baltimore Ravens,
1,Sun,10-Sep,1:00PM ET,L,,,Baltimore Ravens,0,20,14,221,144,77,5,17,268,111,157,1,Cincinnati Bengals,
2,Thu,14-Sep,8:25PM ET,L,,,Houston Texans,9,13,12,295,213,82,1,14,266,98,168,,Cincinnati Bengals,
3,Sun,24-Sep,4:25PM ET,L,OT,@,Green Bay Packers,24,27,21,301,191,110,1,22,344,280,64,1,Cincinnati Bengals,
4,Sun,1-Oct,1:00PM ET,W,,@,Cleveland Browns,31,7,25,350,264,86,1,16,215,170,45,1,Cincinnati Bengals,
5,Sun,8-Oct,1:00PM ET,W,,,Buffalo Bills,20,16,18,388,323,65,3,17,221,139,82,1,Cincinnati Bengals,
6,,,,,,,,,,,,,,,,,,,,Cincinnati Bengals,
7,Sun,22-Oct,4:25PM ET,L,,@,Pittsburgh Steelers,14,29,11,179,108,71,2,21,420,268,152,,Cincinnati Bengals,
8,Sun,29-Oct,1:00PM ET,W,,,Indianapolis Colts,24,23,17,276,218,58,2,19,331,216,115,1,Cincinnati Bengals,
9,Sun,5-Nov,1:00PM ET,L,,@,Jacksonville Jaguars,7,23,8,148,119,29,,26,408,259,149,1,Cincinnati Bengals,
10,Sun,12-Nov,1:00PM ET,L,,@,Tennessee Titans,20,24,15,308,255,53,2,27,416,236,180,2,Cincinnati Bengals,
11,Sun,19-Nov,4:25PM ET,W,,@,Denver Broncos,20,17,12,190,141,49,,20,341,229,112,2,Cincinnati Bengals,
12,Sun,26-Nov,1:00PM ET,W,,,Cleveland Browns,30,16,23,361,209,152,,21,405,236,169,,Cincinnati Bengals,
13,Mon,4-Dec,8:30PM ET,L,,,Pittsburgh Steelers,20,23,19,353,223,130,,24,374,282,92,1,Cincinnati Bengals,
14,Sun,10-Dec,1:00PM ET,L,,,Chicago Bears,7,33,14,234,164,70,2,29,482,250,232,,Cincinnati Bengals,
15,Sun,17-Dec,1:00PM ET,L,,@,Minnesota Vikings,7,34,8,161,115,46,2,18,346,222,124,1,Cincinnati Bengals,
16,Sun,24-Dec,1:00PM ET,W,,,Detroit Lions,26,17,28,364,222,142,1,15,276,189,87,1,Cincinnati Bengals,
17,Sun,31-Dec,4:25PM ET,W,,@,Baltimore Ravens,31,27,22,359,213,146,1,19,312,194,118,1,Cincinnati Bengals,
1,Sun,10-Sep,1:00PM ET,L,,,Pittsburgh Steelers,18,21,20,237,180,57,1,16,290,255,35,1,Cleveland Browns,
2,Sun,17-Sep,1:00PM ET,L,,@,Baltimore Ravens,10,24,20,386,293,93,5,24,337,201,136,2,Cleveland Browns,
3,Sun,24-Sep,1:00PM ET,L,,@,Indianapolis Colts,28,31,25,346,235,111,3,16,335,243,92,1,Cleveland Browns,
4,Sun,1-Oct,1:00PM ET,L,,,Cincinnati Bengals,7,31,16,215,170,45,1,25,350,264,86,1,Cleveland Browns,
5,Sun,8-Oct,1:00PM ET,L,,,New York Jets,14,17,22,419,279,140,3,14,212,178,34,1,Cleveland Browns,
6,Sun,15-Oct,1:00PM ET,L,,@,Houston Texans,17,33,16,247,113,134,3,18,340,217,123,1,Cleveland Browns,
7,Sun,22-Oct,1:00PM ET,L,OT,,Tennessee Titans,9,12,19,284,218,66,3,16,269,189,80,1,Cleveland Browns,
8,Sun,29-Oct,9:30AM ET,L,,,Minnesota Vikings,16,33,16,276,161,115,2,26,375,287,88,1,Cleveland Browns,
9,,,,,,,,,,,,,,,,,,,,Cleveland Browns,
10,Sun,12-Nov,1:00PM ET,L,,@,Detroit Lions,24,38,26,413,212,201,2,16,345,241,104,1,Cleveland Browns,
11,Sun,19-Nov,1:00PM ET,L,,,Jacksonville Jaguars,7,19,11,184,134,50,5,15,284,145,139,1,Cleveland Browns,
12,Sun,26-Nov,1:00PM ET,L,,@,Cincinnati Bengals,16,30,21,405,236,169,,23,361,209,152,,Cleveland Browns,
13,Sun,3-Dec,4:05PM ET,L,,@,Los Angeles Chargers,10,19,17,291,202,89,2,23,429,335,94,,Cleveland Browns,
14,Sun,10-Dec,1:00PM ET,L,OT,,Green Bay Packers,21,27,17,345,209,136,2,24,341,256,85,,Cleveland Browns,
15,Sun,17-Dec,1:00PM ET,L,,,Baltimore Ravens,10,27,15,266,136,130,4,23,376,279,97,,Cleveland Browns,
16,Sun,24-Dec,1:00PM ET,L,,@,Chicago Bears,3,20,12,254,178,76,3,16,258,161,97,,Cleveland Browns,
17,Sun,31-Dec,1:00PM ET,L,,@,Pittsburgh Steelers,24,28,17,374,272,102,2,20,348,224,124,2,Cleveland Browns,
1,Sun,10-Sep,1:00PM ET,W,,@,Houston Texans,29,7,19,280,125,155,,23,203,110,93,4,Jacksonville Jaguars,
2,Sun,17-Sep,1:00PM ET,L,,,Tennessee Titans,16,37,20,310,211,99,3,21,390,211,179,1,Jacksonville Jaguars,
3,Sun,24-Sep,9:30AM ET,W,,,Baltimore Ravens,44,7,24,410,244,166,,12,186,52,134,3,Jacksonville Jaguars,
4,Sun,1-Oct,1:00PM ET,L,OT,@,New York Jets,20,23,20,311,136,175,1,18,471,215,256,2,Jacksonville Jaguars,
5,Sun,8-Oct,1:00PM ET,W,,@,Pittsburgh Steelers,30,9,15,313,82,231,1,21,371,301,70,5,Jacksonville Jaguars,
6,Sun,15-Oct,4:05PM ET,L,,,Los Angeles Rams,17,27,19,389,220,169,1,12,249,107,142,1,Jacksonville Jaguars,
7,Sun,22-Oct,1:00PM ET,W,,@,Indianapolis Colts,27,0,23,518,330,188,2,15,232,136,96,,Jacksonville Jaguars,
8,,,,,,,,,,,,,,,,,,,,Jacksonville Jaguars,
9,Sun,5-Nov,1:00PM ET,W,,,Cincinnati Bengals,23,7,26,408,259,149,1,8,148,119,29,,Jacksonville Jaguars,
10,Sun,12-Nov,1:00PM ET,W,OT,,Los Angeles Chargers,20,17,20,398,263,135,2,16,322,235,87,2,Jacksonville Jaguars,
11,Sun,19-Nov,1:00PM ET,W,,@,Cleveland Browns,19,7,15,284,145,139,1,11,184,134,50,5,Jacksonville Jaguars,
12,Sun,26-Nov,4:25PM ET,L,,@,Arizona Cardinals,24,27,19,219,128,91,3,20,344,236,108,2,Jacksonville Jaguars,
13,Sun,3-Dec,1:00PM ET,W,,,Indianapolis Colts,30,10,22,426,330,96,,17,290,149,141,2,Jacksonville Jaguars,
14,Sun,10-Dec,4:25PM ET,W,,,Seattle Seahawks,30,24,20,424,268,156,1,17,401,260,141,3,Jacksonville Jaguars,
15,Sun,17-Dec,1:00PM ET,W,,,Houston Texans,45,7,25,464,326,138,,9,186,99,87,1,Jacksonville Jaguars,
16,Sun,24-Dec,4:05PM ET,L,,@,San Francisco 49ers,33,44,32,472,380,92,3,26,369,238,131,1,Jacksonville Jaguars,
17,Sun,31-Dec,4:25PM ET,L,,@,Tennessee Titans,10,15,13,229,146,83,4,11,232,116,116,1,Jacksonville Jaguars,
1,Sun,10-Sep,1:00PM ET,L,,,Oakland Raiders,16,26,21,350,255,95,,22,359,250,109,,Tennessee Titans,
2,Sun,17-Sep,1:00PM ET,W,,@,Jacksonville Jaguars,37,16,21,390,211,179,1,20,310,211,99,3,Tennessee Titans,
3,Sun,24-Sep,4:05PM ET,W,,,Seattle Seahawks,33,27,21,420,225,195,,24,433,364,69,,Tennessee Titans,
4,Sun,1-Oct,1:00PM ET,L,,@,Houston Texans,14,57,9,195,109,86,5,33,445,272,173,1,Tennessee Titans,
5,Sun,8-Oct,1:00PM ET,L,,@,Miami Dolphins,10,16,14,188,119,69,2,12,178,78,100,2,Tennessee Titans,
6,Mon,16-Oct,8:30PM ET,W,,,Indianapolis Colts,36,22,25,473,305,168,1,18,297,212,85,1,Tennessee Titans,
7,Sun,22-Oct,1:00PM ET,W,OT,@,Cleveland Browns,12,9,16,269,189,80,1,19,284,218,66,3,Tennessee Titans,
8,,,,,,,,,,,,,,,,,,,,Tennessee Titans,
9,Sun,5-Nov,1:00PM ET,W,,,Baltimore Ravens,23,20,14,257,186,71,1,24,341,268,73,2,Tennessee Titans,
10,Sun,12-Nov,1:00PM ET,W,,,Cincinnati Bengals,24,20,27,416,236,180,2,15,308,255,53,2,Tennessee Titans,
11,Thu,16-Nov,8:25PM ET,L,,@,Pittsburgh Steelers,17,40,17,316,264,52,4,25,349,284,65,,Tennessee Titans,
12,Sun,26-Nov,1:00PM ET,W,,@,Indianapolis Colts,20,16,19,276,184,92,2,15,254,165,89,1,Tennessee Titans,
13,Sun,3-Dec,1:00PM ET,W,,,Houston Texans,24,13,19,344,146,198,1,24,384,331,53,1,Tennessee Titans,
14,Sun,10-Dec,4:05PM ET,L,,@,Arizona Cardinals,7,12,14,204,139,65,2,16,261,125,136,,Tennessee Titans,
15,Sun,17-Dec,4:25PM ET,L,,@,San Francisco 49ers,23,25,23,328,238,90,1,23,414,363,51,,Tennessee Titans,
16,Sun,24-Dec,1:00PM ET,L,,,Los Angeles Rams,23,27,19,366,269,97,1,20,402,286,116,1,Tennessee Titans,
17,Sun,31-Dec,4:25PM ET,W,,,Jacksonville Jaguars,15,10,11,232,116,116,1,13,229,146,83,4,Tennessee Titans,
1,Sun,10-Sep,1:00PM ET,L,,,Jacksonville Jaguars,7,29,23,203,110,93,4,19,280,125,155,,Houston Texans,
2,Thu,14-Sep,8:25PM ET,W,,@,Cincinnati Bengals,13,9,14,266,98,168,,12,295,213,82,1,Houston Texans,
3,Sun,24-Sep,1:00PM ET,L,,@,New England Patriots,33,36,23,417,292,125,2,21,396,337,59,1,Houston Texans,
4,Sun,1-Oct,1:00PM ET,W,,,Tennessee Titans,57,14,33,445,272,173,1,9,195,109,86,5,Houston Texans,
5,Sun,8-Oct,8:30PM ET,L,,,Kansas City Chiefs,34,42,20,392,248,144,1,29,450,323,127,,Houston Texans,
6,Sun,15-Oct,1:00PM ET,W,,,Cleveland Browns,33,17,18,340,217,123,1,16,247,113,134,3,Houston Texans,
7,,,,,,,,,,,,,,,,,,,,Houston Texans,
8,Sun,29-Oct,4:05PM ET,L,,@,Seattle Seahawks,38,41,25,509,367,142,3,21,479,446,33,1,Houston Texans,
9,Sun,5-Nov,1:00PM ET,L,,,Indianapolis Colts,14,20,19,288,194,94,1,17,371,279,92,1,Houston Texans,
10,Sun,12-Nov,4:05PM ET,L,,@,Los Angeles Rams,7,33,17,283,194,89,4,19,443,339,104,,Houston Texans,
11,Sun,19-Nov,1:00PM ET,W,,,Arizona Cardinals,31,21,22,357,223,134,2,17,292,244,48,2,Houston Texans,
12,Mon,27-Nov,8:30PM ET,L,,@,Baltimore Ravens,16,23,20,303,237,66,3,17,294,155,139,,Houston Texans,
13,Sun,3-Dec,1:00PM ET,L,,@,Tennessee Titans,13,24,24,384,331,53,1,19,344,146,198,1,Houston Texans,
14,Sun,10-Dec,1:00PM ET,L,,,San Francisco 49ers,16,26,18,311,221,90,1,20,416,314,102,1,Houston Texans,
15,Sun,17-Dec,1:00PM ET,L,,@,Jacksonville Jaguars,7,45,9,186,99,87,1,25,464,326,138,,Houston Texans,
16,Mon,25-Dec,4:30PM ET,L,,,Pittsburgh Steelers,6,34,13,227,51,176,2,20,330,226,104,,Houston Texans,
17,Sun,31-Dec,1:00PM ET,L,,@,Indianapolis Colts,13,22,15,209,124,85,1,20,250,104,146,,Houston Texans,
1,Sun,10-Sep,4:05PM ET,L,,@,Los Angeles Rams,9,46,10,225,150,75,3,19,373,310,63,1,Indianapolis Colts,
2,Sun,17-Sep,1:00PM ET,L,OT,,Arizona Cardinals,13,16,18,266,190,76,1,17,389,306,83,1,Indianapolis Colts,
3,Sun,24-Sep,1:00PM ET,W,,,Cleveland Browns,31,28,16,335,243,92,1,25,346,235,111,3,Indianapolis Colts,
4,Sun,1-Oct,8:30PM ET,L,,@,Seattle Seahawks,18,46,16,237,139,98,2,22,477,283,194,2,Indianapolis Colts,
5,Sun,8-Oct,1:00PM ET,W,OT,,San Francisco 49ers,26,23,25,447,288,159,1,23,402,336,66,,Indianapolis Colts,
6,Mon,16-Oct,8:30PM ET,L,,@,Tennessee Titans,22,36,18,297,212,85,1,25,473,305,168,1,Indianapolis Colts,
7,Sun,22-Oct,1:00PM ET,L,,,Jacksonville Jaguars,0,27,15,232,136,96,,23,518,330,188,2,Indianapolis Colts,
8,Sun,29-Oct,1:00PM ET,L,,@,Cincinnati Bengals,23,24,19,331,216,115,1,17,276,218,58,2,Indianapolis Colts,
9,Sun,5-Nov,1:00PM ET,W,,@,Houston Texans,20,14,17,371,279,92,1,19,288,194,94,1,Indianapolis Colts,
10,Sun,12-Nov,1:00PM ET,L,,,Pittsburgh Steelers,17,20,13,267,196,71,1,18,316,228,88,1,Indianapolis Colts,
11,,,,,,,,,,,,,,,,,,,,Indianapolis Colts,
12,Sun,26-Nov,1:00PM ET,L,,,Tennessee Titans,16,20,15,254,165,89,1,19,276,184,92,2,Indianapolis Colts,
13,Sun,3-Dec,1:00PM ET,L,,@,Jacksonville Jaguars,10,30,17,290,149,141,2,22,426,330,96,,Indianapolis Colts,
14,Sun,10-Dec,1:00PM ET,L,OT,@,Buffalo Bills,7,13,16,227,64,163,,14,319,92,227,2,Indianapolis Colts,
15,Thu,14-Dec,8:25PM ET,L,,,Denver Broncos,13,25,15,228,158,70,,23,462,251,211,1,Indianapolis Colts,
16,Sat,23-Dec,4:30PM ET,L,,@,Baltimore Ravens,16,23,17,296,203,93,,23,323,220,103,,Indianapolis Colts,
17,Sun,31-Dec,1:00PM ET,W,,,Houston Texans,22,13,20,250,104,146,,15,209,124,85,1,Indianapolis Colts,
1,Thu,7-Sep,8:30PM ET,W,,@,New England Patriots,42,27,26,537,352,185,1,25,371,247,124,,Kansas City Chiefs,
2,Sun,17-Sep,1:00PM ET,W,,,Philadelphia Eagles,27,20,16,344,232,112,,27,406,299,107,2,Kansas City Chiefs,
3,Sun,24-Sep,4:25PM ET,W,,@,Los Angeles Chargers,24,10,16,311,122,189,,24,330,226,104,3,Kansas City Chiefs,
4,Mon,2-Oct,8:30PM ET,W,,,Washington Redskins,29,20,29,429,261,168,,15,331,220,111,1,Kansas City Chiefs,
5,Sun,8-Oct,8:30PM ET,W,,@,Houston Texans,42,34,29,450,323,127,,20,392,248,144,1,Kansas City Chiefs,
6,Sun,15-Oct,4:25PM ET,L,,,Pittsburgh Steelers,13,19,12,251,223,28,,23,439,245,194,1,Kansas City Chiefs,
7,Thu,19-Oct,8:25PM ET,L,,@,Oakland Raiders,30,31,19,425,331,94,,32,505,417,88,,Kansas City Chiefs,
8,Mon,30-Oct,8:30PM ET,W,,,Denver Broncos,29,19,16,276,197,79,2,23,364,187,177,5,Kansas City Chiefs,
9,Sun,5-Nov,4:25PM ET,L,,@,Dallas Cowboys,17,28,17,323,255,68,1,24,375,244,131,,Kansas City Chiefs,
10,,,,,,,,,,,,,,,,,,,,Kansas City Chiefs,
11,Sun,19-Nov,1:00PM ET,L,OT,@,New York Giants,9,12,22,363,229,134,3,20,317,205,112,1,Kansas City Chiefs,
12,Sun,26-Nov,1:00PM ET,L,,,Buffalo Bills,10,16,14,236,181,55,1,17,268,164,104,,Kansas City Chiefs,
13,Sun,3-Dec,1:00PM ET,L,,@,New York Jets,31,38,17,474,362,112,,30,488,331,157,,Kansas City Chiefs,
14,Sun,10-Dec,1:00PM ET,W,,,Oakland Raiders,26,15,23,408,243,165,1,15,268,198,70,3,Kansas City Chiefs,
15,Sat,16-Dec,8:25PM ET,W,,,Los Angeles Chargers,30,13,20,397,223,174,,20,307,209,98,4,Kansas City Chiefs,
16,Sun,24-Dec,1:00PM ET,W,,,Miami Dolphins,29,13,23,404,301,103,,15,345,286,59,2,Kansas City Chiefs,
17,Sun,31-Dec,4:25PM ET,W,,@,Denver Broncos,27,24,23,379,269,110,2,22,336,226,110,3,Kansas City Chiefs,
1,Mon,11-Sep,10:20PM ET,L,,@,Denver Broncos,21,24,17,249,185,64,1,22,321,181,140,2,Los Angeles Chargers,
2,Sun,17-Sep,4:05PM ET,L,,,Miami Dolphins,17,19,24,367,323,44,,21,336,225,111,,Los Angeles Chargers,
3,Sun,24-Sep,4:25PM ET,L,,,Kansas City Chiefs,10,24,24,330,226,104,3,16,311,122,189,,Los Angeles Chargers,
4,Sun,1-Oct,4:05PM ET,L,,,Philadelphia Eagles,24,26,18,400,342,58,1,26,454,240,214,,Los Angeles Chargers,
5,Sun,8-Oct,1:00PM ET,W,,@,New York Giants,27,22,21,382,258,124,1,18,335,183,152,2,Los Angeles Chargers,
6,Sun,15-Oct,4:25PM ET,W,,@,Oakland Raiders,17,16,20,343,263,80,1,15,274,165,109,2,Los Angeles Chargers,
7,Sun,22-Oct,4:25PM ET,W,,,Denver Broncos,21,0,14,242,162,80,,12,251,182,69,3,Los Angeles Chargers,
8,Sun,29-Oct,1:00PM ET,L,,@,New England Patriots,13,21,16,349,192,157,1,27,414,317,97,,Los Angeles Chargers,
9,,,,,,,,,,,,,,,,,,,,Los Angeles Chargers,
10,Sun,12-Nov,1:00PM ET,L,OT,@,Jacksonville Jaguars,17,20,16,322,235,87,2,20,398,263,135,2,Los Angeles Chargers,
11,Sun,19-Nov,4:05PM ET,W,,,Buffalo Bills,54,24,28,429,283,146,,18,393,220,173,6,Los Angeles Chargers,
12,Thu,23-Nov,4:30PM ET,W,,@,Dallas Cowboys,28,6,25,515,434,81,,14,247,168,79,2,Los Angeles Chargers,
13,Sun,3-Dec,4:05PM ET,W,,,Cleveland Browns,19,10,23,429,335,94,,17,291,202,89,2,Los Angeles Chargers,
14,Sun,10-Dec,4:05PM ET,W,,,Washington Redskins,30,13,24,488,314,174,1,9,201,136,65,1,Los Angeles Chargers,
15,Sat,16-Dec,8:25PM ET,L,,@,Kansas City Chiefs,13,30,20,307,209,98,4,20,397,223,174,,Los Angeles Chargers,
16,Sun,24-Dec,1:00PM ET,W,,@,New York Jets,14,7,21,379,290,89,,13,295,98,197,3,Los Angeles Chargers,
17,Sun,31-Dec,4:25PM ET,W,,,Oakland Raiders,30,10,26,495,380,115,,14,336,231,105,2,Los Angeles Chargers,
1,Sun,10-Sep,1:00PM ET,W,,@,Tennessee Titans,26,16,22,359,250,109,,21,350,255,95,,Oakland Raiders,
2,Sun,17-Sep,4:05PM ET,W,,,New York Jets,45,20,21,410,230,180,,17,271,145,126,2,Oakland Raiders,
3,Sun,24-Sep,8:30PM ET,L,,@,Washington Redskins,10,27,7,128,96,32,3,18,472,356,116,2,Oakland Raiders,
4,Sun,1-Oct,4:25PM ET,L,,@,Denver Broncos,10,16,11,254,230,24,1,16,298,155,143,,Oakland Raiders,
5,Sun,8-Oct,4:05PM ET,L,,,Baltimore Ravens,17,30,15,245,137,108,1,19,365,222,143,,Oakland Raiders,
6,Sun,15-Oct,4:25PM ET,L,,,Los Angeles Chargers,16,17,15,274,165,109,2,20,343,263,80,1,Oakland Raiders,
7,Thu,19-Oct,8:25PM ET,W,,,Kansas City Chiefs,31,30,32,505,417,88,,19,425,331,94,,Oakland Raiders,
8,Sun,29-Oct,1:00PM ET,L,,@,Buffalo Bills,14,34,23,367,313,54,4,17,331,165,166,,Oakland Raiders,
9,Sun,5-Nov,8:30PM ET,W,,@,Miami Dolphins,27,24,20,379,295,84,2,23,395,309,86,1,Oakland Raiders,
10,,,,,,,,,,,,,,,,,,,,Oakland Raiders,
11,Sun,19-Nov,4:25PM ET,L,,,New England Patriots,8,33,21,344,235,109,2,25,421,332,89,,Oakland Raiders,
12,Sun,26-Nov,4:25PM ET,W,,,Denver Broncos,21,14,21,348,244,104,1,12,216,160,56,1,Oakland Raiders,
13,Sun,3-Dec,4:25PM ET,W,,,New York Giants,24,17,18,401,282,119,1,15,265,200,65,2,Oakland Raiders,
14,Sun,10-Dec,1:00PM ET,L,,@,Kansas City Chiefs,15,26,15,268,198,70,3,23,408,243,165,1,Oakland Raiders,
15,Sun,17-Dec,8:30PM ET,L,,,Dallas Cowboys,17,20,19,293,171,122,1,21,330,204,126,2,Oakland Raiders,
16,Mon,25-Dec,8:30PM ET,L,,@,Philadelphia Eagles,10,19,13,274,137,137,5,12,216,138,78,2,Oakland Raiders,
17,Sun,31-Dec,4:25PM ET,L,,@,Los Angeles Chargers,10,30,14,336,231,105,2,26,495,380,115,,Oakland Raiders,
1,Mon,11-Sep,10:20PM ET,W,,,Los Angeles Chargers,24,21,22,321,181,140,2,17,249,185,64,1,Denver Broncos,
2,Sun,17-Sep,4:25PM ET,W,,,Dallas Cowboys,42,17,26,380,202,178,2,16,268,228,40,2,Denver Broncos,
3,Sun,24-Sep,1:00PM ET,L,,@,Buffalo Bills,16,26,21,366,255,111,2,16,272,197,75,,Denver Broncos,
4,Sun,1-Oct,4:25PM ET,W,,,Oakland Raiders,16,10,16,298,155,143,,11,254,230,24,1,Denver Broncos,
5,,,,,,,,,,,,,,,,,,,,Denver Broncos,
6,Sun,15-Oct,8:30PM ET,L,,,New York Giants,10,23,20,412,366,46,3,12,266,118,148,,Denver Broncos,
7,Sun,22-Oct,4:25PM ET,L,,@,Los Angeles Chargers,0,21,12,251,182,69,3,14,242,162,80,,Denver Broncos,
8,Mon,30-Oct,8:30PM ET,L,,@,Kansas City Chiefs,19,29,23,364,187,177,5,16,276,197,79,2,Denver Broncos,
9,Sun,5-Nov,1:00PM ET,L,,@,Philadelphia Eagles,23,51,14,226,191,35,2,25,419,222,197,1,Denver Broncos,
10,Sun,12-Nov,8:30PM ET,L,,,New England Patriots,16,41,17,339,221,118,2,28,396,297,99,,Denver Broncos,
11,Sun,19-Nov,4:25PM ET,L,,,Cincinnati Bengals,17,20,20,341,229,112,2,12,190,141,49,,Denver Broncos,
12,Sun,26-Nov,4:25PM ET,L,,@,Oakland Raiders,14,21,12,216,160,56,1,21,348,244,104,1,Denver Broncos,
13,Sun,3-Dec,1:00PM ET,L,,@,Miami Dolphins,9,35,14,270,167,103,3,15,367,222,145,3,Denver Broncos,
14,Sun,10-Dec,4:05PM ET,W,,,New York Jets,23,0,17,273,189,84,,6,100,41,59,2,Denver Broncos,
15,Thu,14-Dec,8:25PM ET,W,,@,Indianapolis Colts,25,13,23,462,251,211,1,15,228,158,70,,Denver Broncos,
16,Sun,24-Dec,1:00PM ET,L,,@,Washington Redskins,11,27,18,330,171,159,3,19,386,299,87,2,Denver Broncos,
17,Sun,31-Dec,4:25PM ET,L,,,Kansas City Chiefs,24,27,22,336,226,110,3,23,379,269,110,2,Denver Broncos,
1,Sun,10-Sep,1:00PM ET,W,,@,Washington Redskins,30,17,19,356,298,58,2,16,264,200,64,4,Philandelpha Eagles,
2,Sun,17-Sep,1:00PM ET,L,,@,Kansas City Chiefs,20,27,27,406,299,107,2,16,344,232,112,,Philandelpha Eagles,
3,Sun,24-Sep,1:00PM ET,W,,,New York Giants,27,24,24,354,161,193,1,21,415,366,49,2,Philandelpha Eagles,
4,Sun,1-Oct,4:05PM ET,W,,@,Los Angeles Chargers,26,24,26,454,240,214,,18,400,342,58,1,Philandelpha Eagles,
5,Sun,8-Oct,1:00PM ET,W,,,Arizona Cardinals,34,7,19,419,297,122,1,16,307,276,31,1,Philandelpha Eagles,
6,Thu,12-Oct,8:25PM ET,W,,@,Carolina Panthers,28,23,15,310,209,101,1,23,305,225,80,3,Philandelpha Eagles,
7,Mon,23-Oct,8:30PM ET,W,,,Washington Redskins,34,24,23,371,244,127,1,19,344,269,75,1,Philandelpha Eagles,
8,Sun,29-Oct,1:00PM ET,W,,,San Francisco 49ers,33,10,19,304,192,112,1,14,238,144,94,2,Philandelpha Eagles,
9,Sun,5-Nov,1:00PM ET,W,,,Denver Broncos,51,23,25,419,222,197,1,14,226,191,35,2,Philandelpha Eagles,
10,,,,,,,,,,,,,,,,,,,,Philandelpha Eagles,
11,Sun,19-Nov,8:30PM ET,W,,@,Dallas Cowboys,37,9,17,383,168,215,,14,225,113,112,4,Philandelpha Eagles,
12,Sun,26-Nov,1:00PM ET,W,,,Chicago Bears,31,3,24,420,244,176,3,8,140,134,6,2,Philandelpha Eagles,
13,Sun,3-Dec,8:30PM ET,L,,@,Seattle Seahawks,10,24,25,425,327,98,2,20,310,209,101,,Philandelpha Eagles,
14,Sun,10-Dec,4:25PM ET,W,,@,Los Angeles Rams,43,35,29,455,316,139,1,17,307,198,109,2,Philandelpha Eagles,
15,Sun,17-Dec,1:00PM ET,W,,@,New York Giants,34,29,22,341,233,108,,27,504,429,75,1,Philandelpha Eagles,
16,Mon,25-Dec,8:30PM ET,W,,,Oakland Raiders,19,10,12,216,138,78,2,13,274,137,137,5,Philandelpha Eagles,
17,Sun,31-Dec,1:00PM ET,L,,,Dallas Cowboys,0,6,12,219,149,70,2,16,301,172,129,1,Philandelpha Eagles,
1,Sun,10-Sep,8:30PM ET,W,,,New York Giants,19,3,22,392,263,129,,13,233,198,35,1,Dallas Cowboys,
2,Sun,17-Sep,4:25PM ET,L,,@,Denver Broncos,17,42,16,268,228,40,2,26,380,202,178,2,Dallas Cowboys,
3,Mon,25-Sep,8:30PM ET,W,,@,Arizona Cardinals,28,17,15,273,174,99,,22,332,283,49,,Dallas Cowboys,
4,Sun,1-Oct,1:00PM ET,L,,,Los Angeles Rams,30,35,22,440,251,189,2,24,412,244,168,,Dallas Cowboys,
5,Sun,8-Oct,4:25PM ET,L,,,Green Bay Packers,31,35,26,408,245,163,3,25,342,182,160,1,Dallas Cowboys,
6,,,,,,,,,,,,,,,,,,,,Dallas Cowboys,
7,Sun,22-Oct,4:05PM ET,W,,@,San Francisco 49ers,40,10,27,501,236,265,,23,290,187,103,3,Dallas Cowboys,
8,Sun,29-Oct,4:25PM ET,W,,@,Washington Redskins,33,19,18,307,138,169,1,16,285,236,49,3,Dallas Cowboys,
9,Sun,5-Nov,4:25PM ET,W,,,Kansas City Chiefs,28,17,24,375,244,131,,17,323,255,68,1,Dallas Cowboys,
10,Sun,12-Nov,4:25PM ET,L,,@,Atlanta Falcons,7,27,18,233,126,107,2,22,336,204,132,1,Dallas Cowboys,
11,Sun,19-Nov,8:30PM ET,L,,,Philadelphia Eagles,9,37,14,225,113,112,4,17,383,168,215,,Dallas Cowboys,
12,Thu,23-Nov,4:30PM ET,L,,,Los Angeles Chargers,6,28,14,247,168,79,2,25,515,434,81,,Dallas Cowboys,
13,Thu,30-Nov,8:25PM ET,W,,,Washington Redskins,38,14,21,275,93,182,,15,280,224,56,4,Dallas Cowboys,
14,Sun,10-Dec,1:00PM ET,W,,@,New York Giants,30,10,19,454,332,122,,21,330,228,102,2,Dallas Cowboys,
15,Sun,17-Dec,8:30PM ET,W,,@,Oakland Raiders,20,17,21,330,204,126,2,19,293,171,122,1,Dallas Cowboys,
16,Sun,24-Dec,4:25PM ET,L,,,Seattle Seahawks,12,21,21,282,154,128,3,15,136,60,76,,Dallas Cowboys,
17,Sun,31-Dec,1:00PM ET,W,,@,Philadelphia Eagles,6,0,16,301,172,129,1,12,219,149,70,2,Dallas Cowboys,
1,Sun,10-Sep,1:00PM ET,L,,,Philadelphia Eagles,17,30,16,264,200,64,4,19,356,298,58,2,Washington Redskins,
2,Sun,17-Sep,4:25PM ET,W,,@,Los Angeles Rams,27,20,21,385,156,229,,14,332,235,97,2,Washington Redskins,
3,Sun,24-Sep,8:30PM ET,W,,,Oakland Raiders,27,10,18,472,356,116,2,7,128,96,32,3,Washington Redskins,
4,Mon,2-Oct,8:30PM ET,L,,@,Kansas City Chiefs,20,29,15,331,220,111,1,29,429,261,168,,Washington Redskins,
5,,,,,,,,,,,,,,,,,,,,Washington Redskins,
6,Sun,15-Oct,1:00PM ET,W,,,San Francisco 49ers,26,24,25,419,325,94,2,21,335,250,85,1,Washington Redskins,
7,Mon,23-Oct,8:30PM ET,L,,@,Philadelphia Eagles,24,34,19,344,269,75,1,23,371,244,127,1,Washington Redskins,
8,Sun,29-Oct,4:25PM ET,L,,,Dallas Cowboys,19,33,16,285,236,49,3,18,307,138,169,1,Washington Redskins,
9,Sun,5-Nov,4:05PM ET,W,,@,Seattle Seahawks,17,14,16,244,193,51,1,22,437,289,148,2,Washington Redskins,
10,Sun,12-Nov,1:00PM ET,L,,,Minnesota Vikings,30,38,24,394,313,81,1,21,406,304,102,2,Washington Redskins,
11,Sun,19-Nov,1:00PM ET,L,OT,@,New Orleans Saints,31,34,24,456,300,156,,27,535,375,160,1,Washington Redskins,
12,Thu,23-Nov,8:30PM ET,W,,,New York Giants,20,10,17,323,201,122,1,7,170,86,84,1,Washington Redskins,
13,Thu,30-Nov,8:25PM ET,L,,@,Dallas Cowboys,14,38,15,280,224,56,4,21,275,93,182,,Washington Redskins,
14,Sun,10-Dec,4:05PM ET,L,,@,Los Angeles Chargers,13,30,9,201,136,65,1,24,488,314,174,1,Washington Redskins,
15,Sun,17-Dec,1:00PM ET,W,,,Arizona Cardinals,20,15,14,218,187,31,1,19,286,145,141,2,Washington Redskins,
16,Sun,24-Dec,1:00PM ET,W,,,Denver Broncos,27,11,19,386,299,87,2,18,330,171,159,3,Washington Redskins,
17,Sun,31-Dec,1:00PM ET,L,,@,New York Giants,10,18,10,197,136,61,3,17,381,121,260,1,Washington Redskins,
1,Sun,10-Sep,8:30PM ET,L,,@,Dallas Cowboys,3,19,13,233,198,35,1,22,392,263,129,,New York Giants,
2,Mon,18-Sep,8:30PM ET,L,,,Detroit Lions,10,24,14,270,208,62,1,12,257,119,138,1,New York Giants,
3,Sun,24-Sep,1:00PM ET,L,,@,Philadelphia Eagles,24,27,21,415,366,49,2,24,354,161,193,1,New York Giants,
4,Sun,1-Oct,4:05PM ET,L,,@,Tampa Bay Buccaneers,23,25,24,379,288,91,,20,434,323,111,,New York Giants,
5,Sun,8-Oct,1:00PM ET,L,,,Los Angeles Chargers,22,27,18,335,183,152,2,21,382,258,124,1,New York Giants,
6,Sun,15-Oct,8:30PM ET,W,,@,Denver Broncos,23,10,12,266,118,148,,20,412,366,46,3,New York Giants,
7,Sun,22-Oct,4:25PM ET,L,,,Seattle Seahawks,7,24,14,177,131,46,1,26,425,321,104,1,New York Giants,
8,,,,,,,,,,,,,,,,,,,,New York Giants,
9,Sun,5-Nov,1:00PM ET,L,,,Los Angeles Rams,17,51,17,319,208,111,3,20,473,311,162,,New York Giants,
10,Sun,12-Nov,4:25PM ET,L,,@,San Francisco 49ers,21,31,19,374,260,114,1,21,474,288,186,2,New York Giants,
11,Sun,19-Nov,1:00PM ET,W,OT,,Kansas City Chiefs,12,9,20,317,205,112,1,22,363,229,134,3,New York Giants,
12,Thu,23-Nov,8:30PM ET,L,,@,Washington Redskins,10,20,7,170,86,84,1,17,323,201,122,1,New York Giants,
13,Sun,3-Dec,4:25PM ET,L,,@,Oakland Raiders,17,24,15,265,200,65,2,18,401,282,119,1,New York Giants,
14,Sun,10-Dec,1:00PM ET,L,,,Dallas Cowboys,10,30,21,330,228,102,2,19,454,332,122,,New York Giants,
15,Sun,17-Dec,1:00PM ET,L,,,Philadelphia Eagles,29,34,27,504,429,75,1,22,341,233,108,,New York Giants,
16,Sun,24-Dec,4:25PM ET,L,,@,Arizona Cardinals,0,23,12,293,250,43,3,19,289,215,74,2,New York Giants,
17,Sun,31-Dec,1:00PM ET,W,,,Washington Redskins,18,10,17,381,121,260,1,10,197,136,61,3,New York Giants,
1,Mon,11-Sep,7:10PM ET,W,,,New Orleans Saints,29,19,23,470,341,129,,19,344,284,60,,Minnesota Vikings,
2,Sun,17-Sep,1:00PM ET,L,,@,Pittsburgh Steelers,9,26,14,237,146,91,1,22,335,233,102,,Minnesota Vikings,
3,Sun,24-Sep,1:00PM ET,W,,,Tampa Bay Buccaneers,34,17,25,494,369,125,,20,342,316,26,3,Minnesota Vikings,
4,Sun,1-Oct,1:00PM ET,L,,,Detroit Lions,7,14,15,284,197,87,3,19,251,154,97,,Minnesota Vikings,
5,Mon,9-Oct,8:30PM ET,W,,@,Chicago Bears,20,17,17,300,141,159,,16,274,159,115,2,Minnesota Vikings,
6,Sun,15-Oct,1:00PM ET,W,,,Green Bay Packers,23,10,24,351,239,112,2,14,227,155,72,3,Minnesota Vikings,
7,Sun,22-Oct,1:00PM ET,W,,,Baltimore Ravens,24,16,17,357,188,169,1,16,208,144,64,,Minnesota Vikings,
8,Sun,29-Oct,9:30AM ET,W,,@,Cleveland Browns,33,16,26,375,287,88,1,16,276,161,115,2,Minnesota Vikings,
9,,,,,,,,,,,,,,,,,,,,Minnesota Vikings,
10,Sun,12-Nov,1:00PM ET,W,,@,Washington Redskins,38,30,21,406,304,102,2,24,394,313,81,1,Minnesota Vikings,
11,Sun,19-Nov,1:00PM ET,W,,,Los Angeles Rams,24,7,27,451,280,171,,15,254,209,45,1,Minnesota Vikings,
12,Thu,23-Nov,12:30PM ET,W,,@,Detroit Lions,30,23,28,408,272,136,,17,289,236,53,2,Minnesota Vikings,
13,Sun,3-Dec,1:00PM ET,W,,@,Atlanta Falcons,14,9,22,312,207,105,,15,275,173,102,,Minnesota Vikings,
14,Sun,10-Dec,1:00PM ET,L,,@,Carolina Panthers,24,31,21,356,256,100,3,15,345,129,216,1,Minnesota Vikings,
15,Sun,17-Dec,1:00PM ET,W,,,Cincinnati Bengals,34,7,18,346,222,124,1,8,161,115,46,2,Minnesota Vikings,
16,Sat,23-Dec,8:30PM ET,W,,@,Green Bay Packers,16,0,15,236,124,112,,12,239,126,113,2,Minnesota Vikings,
17,Sun,31-Dec,1:00PM ET,W,,,Chicago Bears,23,10,21,327,180,147,,12,201,171,30,,Minnesota Vikings,
1,Sun,10-Sep,1:00PM ET,W,,,Arizona Cardinals,35,23,19,367,285,82,1,24,308,263,45,4,Detroit Lions,
2,Mon,18-Sep,8:30PM ET,W,,@,New York Giants,24,10,12,257,119,138,1,14,270,208,62,1,Detroit Lions,
3,Sun,24-Sep,1:00PM ET,L,,,Atlanta Falcons,26,30,21,324,253,71,,26,428,277,151,3,Detroit Lions,
4,Sun,1-Oct,1:00PM ET,W,,@,Minnesota Vikings,14,7,19,251,154,97,,15,284,197,87,3,Detroit Lions,
5,Sun,8-Oct,1:00PM ET,L,,,Carolina Panthers,24,27,19,242,192,50,1,16,362,334,28,,Detroit Lions,
6,Sun,15-Oct,1:00PM ET,L,,@,New Orleans Saints,38,52,18,347,281,66,5,19,379,186,193,3,Detroit Lions,
7,,,,,,,,,,,,,,,,,,,,Detroit Lions,
8,Sun,29-Oct,8:30PM ET,L,,,Pittsburgh Steelers,15,20,21,482,411,71,1,17,392,317,75,2,Detroit Lions,
9,Mon,6-Nov,8:30PM ET,W,,@,Green Bay Packers,30,17,24,417,353,64,1,21,311,233,78,,Detroit Lions,
10,Sun,12-Nov,1:00PM ET,W,,,Cleveland Browns,38,24,16,345,241,104,1,26,413,212,201,2,Detroit Lions,
11,Sun,19-Nov,1:00PM ET,W,,@,Chicago Bears,27,24,20,352,287,65,1,24,398,176,222,1,Detroit Lions,
12,Thu,23-Nov,12:30PM ET,L,,,Minnesota Vikings,23,30,17,289,236,53,2,28,408,272,136,,Detroit Lions,
13,Sun,3-Dec,1:00PM ET,L,,@,Baltimore Ravens,20,44,18,372,294,78,3,24,370,269,101,,Detroit Lions,
14,Sun,10-Dec,1:00PM ET,W,,@,Tampa Bay Buccaneers,24,21,21,434,381,53,3,28,400,267,133,5,Detroit Lions,
15,Sat,16-Dec,4:30PM ET,W,,,Chicago Bears,20,10,18,293,202,91,1,22,349,306,43,3,Detroit Lions,
16,Sun,24-Dec,1:00PM ET,L,,@,Cincinnati Bengals,17,26,15,276,189,87,1,28,364,222,142,1,Detroit Lions,
17,Sun,31-Dec,1:00PM ET,W,,,Green Bay Packers,35,11,18,356,305,51,,17,256,153,103,4,Detroit Lions,
1,Sun,10-Sep,4:25PM ET,W,,,Seattle Seahawks,17,9,26,370,286,84,1,12,225,135,90,1,Green Bay Packers,
2,Sun,17-Sep,8:30PM ET,L,,@,Atlanta Falcons,23,34,24,367,308,59,2,19,364,223,141,,Green Bay Packers,
3,Sun,24-Sep,4:25PM ET,W,OT,,Cincinnati Bengals,27,24,22,344,280,64,1,21,301,191,110,1,Green Bay Packers,
4,Thu,28-Sep,8:25PM ET,W,,,Chicago Bears,35,14,17,260,169,91,,20,308,205,103,4,Green Bay Packers,
5,Sun,8-Oct,4:25PM ET,W,,@,Dallas Cowboys,35,31,25,342,182,160,1,26,408,245,163,3,Green Bay Packers,
6,Sun,15-Oct,1:00PM ET,L,,@,Minnesota Vikings,10,23,14,227,155,72,3,24,351,239,112,2,Green Bay Packers,
7,Sun,22-Oct,1:00PM ET,L,,,New Orleans Saints,17,26,16,260,79,181,1,25,485,324,161,2,Green Bay Packers,
8,,,,,,,,,,,,,,,,,,,,Green Bay Packers,
9,Mon,6-Nov,8:30PM ET,L,,,Detroit Lions,17,30,21,311,233,78,,24,417,353,64,1,Green Bay Packers,
10,Sun,12-Nov,1:00PM ET,W,,@,Chicago Bears,23,16,18,342,182,160,,14,323,268,55,1,Green Bay Packers,
11,Sun,19-Nov,1:00PM ET,L,,,Baltimore Ravens,0,23,16,265,190,75,5,14,219,161,58,1,Green Bay Packers,
12,Sun,26-Nov,8:30PM ET,L,,@,Pittsburgh Steelers,28,31,15,307,227,80,,28,462,341,121,3,Green Bay Packers,
13,Sun,3-Dec,1:00PM ET,W,OT,,Tampa Bay Buccaneers,26,20,16,276,77,199,1,25,395,230,165,1,Green Bay Packers,
14,Sun,10-Dec,1:00PM ET,W,OT,@,Cleveland Browns,27,21,24,341,256,85,,17,345,209,136,2,Green Bay Packers,
15,Sun,17-Dec,1:00PM ET,L,,@,Carolina Panthers,24,31,24,384,264,120,4,29,387,236,151,,Green Bay Packers,
16,Sat,23-Dec,8:30PM ET,L,,,Minnesota Vikings,0,16,12,239,126,113,2,15,236,124,112,,Green Bay Packers,
17,Sun,31-Dec,1:00PM ET,L,,@,Detroit Lions,11,35,17,256,153,103,4,18,356,305,51,,Green Bay Packers,
1,Sun,10-Sep,1:00PM ET,L,,,Atlanta Falcons,17,23,20,301,176,125,,18,372,308,64,,Chicago Bears,
2,Sun,17-Sep,1:00PM ET,L,,@,Tampa Bay Buccaneers,7,29,19,310,290,20,4,22,311,194,117,1,Chicago Bears,
3,Sun,24-Sep,1:00PM ET,W,OT,,Pittsburgh Steelers,23,17,18,306,84,222,2,19,282,212,70,2,Chicago Bears,
4,Thu,28-Sep,8:25PM ET,L,,@,Green Bay Packers,14,35,20,308,205,103,4,17,260,169,91,,Chicago Bears,
5,Mon,9-Oct,8:30PM ET,L,,,Minnesota Vikings,17,20,16,274,159,115,2,17,300,141,159,,Chicago Bears,
6,Sun,15-Oct,1:00PM ET,W,OT,@,Baltimore Ravens,27,24,18,342,111,231,2,16,291,166,125,3,Chicago Bears,
7,Sun,22-Oct,1:00PM ET,W,,,Carolina Panthers,17,3,5,153,85,68,,20,293,185,108,3,Chicago Bears,
8,Sun,29-Oct,1:00PM ET,L,,@,New Orleans Saints,12,20,17,307,150,157,1,19,387,286,101,2,Chicago Bears,
9,,,,,,,,,,,,,,,,,,,,Chicago Bears,
10,Sun,12-Nov,1:00PM ET,L,,,Green Bay Packers,16,23,14,323,268,55,1,18,342,182,160,,Chicago Bears,
11,Sun,19-Nov,1:00PM ET,L,,,Detroit Lions,24,27,24,398,176,222,1,20,352,287,65,1,Chicago Bears,
12,Sun,26-Nov,1:00PM ET,L,,@,Philadelphia Eagles,3,31,8,140,134,6,2,24,420,244,176,3,Chicago Bears,
13,Sun,3-Dec,1:00PM ET,L,,,San Francisco 49ers,14,15,8,147,85,62,,23,388,278,110,1,Chicago Bears,
14,Sun,10-Dec,1:00PM ET,W,,@,Cincinnati Bengals,33,7,29,482,250,232,,14,234,164,70,2,Chicago Bears,
15,Sat,16-Dec,4:30PM ET,L,,@,Detroit Lions,10,20,22,349,306,43,3,18,293,202,91,1,Chicago Bears,
16,Sun,24-Dec,1:00PM ET,W,,,Cleveland Browns,20,3,16,258,161,97,,12,254,178,76,3,Chicago Bears,
17,Sun,31-Dec,1:00PM ET,L,,@,Minnesota Vikings,10,23,12,201,171,30,,21,327,180,147,,Chicago Bears,
1,Mon,11-Sep,7:10PM ET,L,,@,Minnesota Vikings,19,29,19,344,284,60,,23,470,341,129,,New Orleans Saints,
2,Sun,17-Sep,1:00PM ET,L,,,New England Patriots,20,36,20,429,348,81,,29,555,436,119,,New Orleans Saints,
3,Sun,24-Sep,1:00PM ET,W,,@,Carolina Panthers,34,13,21,362,213,149,,18,288,156,132,3,New Orleans Saints,
4,Sun,1-Oct,9:30AM ET,W,,@,Miami Dolphins,20,0,22,347,261,86,,11,186,128,58,1,New Orleans Saints,
5,,,,,,,,,,,,,,,,,,,,New Orleans Saints,
6,Sun,15-Oct,1:00PM ET,W,,,Detroit Lions,52,38,19,379,186,193,3,18,347,281,66,5,New Orleans Saints,
7,Sun,22-Oct,1:00PM ET,W,,@,Green Bay Packers,26,17,25,485,324,161,2,16,260,79,181,1,New Orleans Saints,
8,Sun,29-Oct,1:00PM ET,W,,,Chicago Bears,20,12,19,387,286,101,2,17,307,150,157,1,New Orleans Saints,
9,Sun,5-Nov,1:00PM ET,W,,,Tampa Bay Buccaneers,30,10,21,407,256,151,2,14,200,113,87,1,New Orleans Saints,
10,Sun,12-Nov,1:00PM ET,W,,@,Buffalo Bills,47,10,32,482,184,298,1,10,198,129,69,1,New Orleans Saints,
11,Sun,19-Nov,1:00PM ET,W,OT,,Washington Redskins,34,31,27,535,375,160,1,24,456,300,156,,New Orleans Saints,
12,Sun,26-Nov,4:25PM ET,L,,@,Los Angeles Rams,20,26,14,346,223,123,,24,415,327,88,1,New Orleans Saints,
13,Sun,3-Dec,4:25PM ET,W,,,Carolina Panthers,31,21,19,400,252,148,1,16,279,167,112,1,New Orleans Saints,
14,Thu,7-Dec,8:25PM ET,L,,@,Atlanta Falcons,17,20,18,306,256,50,1,26,343,211,132,3,New Orleans Saints,
15,Sun,17-Dec,1:00PM ET,W,,,New York Jets,31,19,23,412,281,131,3,19,294,170,124,2,New Orleans Saints,
16,Sun,24-Dec,1:00PM ET,W,,,Atlanta Falcons,23,13,15,315,229,86,1,15,331,264,67,2,New Orleans Saints,
17,Sun,31-Dec,4:25PM ET,L,,@,Tampa Bay Buccaneers,24,31,18,323,231,92,1,28,455,345,110,3,New Orleans Saints,
1,Sun,10-Sep,4:25PM ET,W,,@,San Francisco 49ers,23,3,20,287,171,116,2,13,217,166,51,2,Carolina Panthers,
2,Sun,17-Sep,1:00PM ET,W,,,Buffalo Bills,9,3,19,255,178,77,,10,176,107,69,,Carolina Panthers,
3,Sun,24-Sep,1:00PM ET,L,,,New Orleans Saints,13,34,18,288,156,132,3,21,362,213,149,,Carolina Panthers,
4,Sun,1-Oct,1:00PM ET,W,,@,New England Patriots,33,30,28,444,304,140,2,24,373,293,80,,Carolina Panthers,
5,Sun,8-Oct,1:00PM ET,W,,@,Detroit Lions,27,24,16,362,334,28,,19,242,192,50,1,Carolina Panthers,
6,Thu,12-Oct,8:25PM ET,L,,,Philadelphia Eagles,23,28,23,305,225,80,3,15,310,209,101,1,Carolina Panthers,
7,Sun,22-Oct,1:00PM ET,L,,@,Chicago Bears,3,17,20,293,185,108,3,5,153,85,68,,Carolina Panthers,
8,Sun,29-Oct,1:00PM ET,W,,@,Tampa Bay Buccaneers,17,3,14,254,154,100,1,16,279,194,85,3,Carolina Panthers,
9,Sun,5-Nov,1:00PM ET,W,,,Atlanta Falcons,20,17,20,330,129,201,2,17,355,302,53,1,Carolina Panthers,
10,Mon,13-Nov,8:30PM ET,W,,,Miami Dolphins,45,21,30,548,254,294,,17,313,213,100,1,Carolina Panthers,
11,,,,,,,,,,,,,,,,,,,,Carolina Panthers,
12,Sun,26-Nov,1:00PM ET,W,,@,New York Jets,35,27,17,299,154,145,,21,391,282,109,1,Carolina Panthers,
13,Sun,3-Dec,4:25PM ET,L,,@,New Orleans Saints,21,31,16,279,167,112,1,19,400,252,148,1,Carolina Panthers,
14,Sun,10-Dec,1:00PM ET,W,,,Minnesota Vikings,31,24,15,345,129,216,1,21,356,256,100,3,Carolina Panthers,
15,Sun,17-Dec,1:00PM ET,W,,,Green Bay Packers,31,24,29,387,236,151,,24,384,264,120,4,Carolina Panthers,
16,Sun,24-Dec,1:00PM ET,W,,,Tampa Bay Buccaneers,22,19,20,255,140,115,1,20,392,326,66,3,Carolina Panthers,
17,Sun,31-Dec,4:25PM ET,L,,@,Atlanta Falcons,10,22,15,248,161,87,3,20,371,311,60,,Carolina Panthers,
1,Sun,10-Sep,1:00PM ET,W,,@,Chicago Bears,23,17,18,372,308,64,,20,301,176,125,,Atlanta Falcons,
2,Sun,17-Sep,8:30PM ET,W,,,Green Bay Packers,34,23,19,364,223,141,,24,367,308,59,2,Atlanta Falcons,
3,Sun,24-Sep,1:00PM ET,W,,@,Detroit Lions,30,26,26,428,277,151,3,21,324,253,71,,Atlanta Falcons,
4,Sun,1-Oct,1:00PM ET,L,,,Buffalo Bills,17,23,25,389,242,147,3,15,281,164,117,,Atlanta Falcons,
5,,,,,,,,,,,,,,,,,,,,Atlanta Falcons,
6,Sun,15-Oct,1:00PM ET,L,,,Miami Dolphins,17,20,19,339,239,100,1,20,289,151,138,1,Atlanta Falcons,
7,Sun,22-Oct,8:30PM ET,L,,@,New England Patriots,7,23,21,343,223,120,,25,403,241,162,,Atlanta Falcons,
8,Sun,29-Oct,1:00PM ET,W,,@,New York Jets,25,20,18,386,246,140,2,15,279,236,43,1,Atlanta Falcons,
9,Sun,5-Nov,1:00PM ET,L,,@,Carolina Panthers,17,20,17,355,302,53,1,20,330,129,201,2,Atlanta Falcons,
10,Sun,12-Nov,4:25PM ET,W,,,Dallas Cowboys,27,7,22,336,204,132,1,18,233,126,107,2,Atlanta Falcons,
11,Mon,20-Nov,8:30PM ET,W,,@,Seattle Seahawks,34,31,22,279,190,89,1,26,360,224,136,2,Atlanta Falcons,
12,Sun,26-Nov,1:00PM ET,W,,,Tampa Bay Buccaneers,34,20,23,516,368,148,1,27,373,279,94,,Atlanta Falcons,
13,Sun,3-Dec,1:00PM ET,L,,,Minnesota Vikings,9,14,15,275,173,102,,22,312,207,105,,Atlanta Falcons,
14,Thu,7-Dec,8:25PM ET,W,,,New Orleans Saints,20,17,26,343,211,132,3,18,306,256,50,1,Atlanta Falcons,
15,Mon,18-Dec,8:30PM ET,W,,@,Tampa Bay Buccaneers,24,21,24,410,209,201,,22,373,289,84,1,Atlanta Falcons,
16,Sun,24-Dec,1:00PM ET,L,,@,New Orleans Saints,13,23,15,331,264,67,2,15,315,229,86,1,Atlanta Falcons,
17,Sun,31-Dec,4:25PM ET,W,,,Carolina Panthers,22,10,20,371,311,60,,15,248,161,87,3,Atlanta Falcons,
1,,,,,,,,,,,,,,,,,,,,Tampa Bay Buccaneers,
2,Sun,17-Sep,1:00PM ET,W,,,Chicago Bears,29,7,22,311,194,117,1,19,310,290,20,4,Tampa Bay Buccaneers,
3,Sun,24-Sep,1:00PM ET,L,,@,Minnesota Vikings,17,34,20,342,316,26,3,25,494,369,125,,Tampa Bay Buccaneers,
4,Sun,1-Oct,4:05PM ET,W,,,New York Giants,25,23,20,434,323,111,,24,379,288,91,,Tampa Bay Buccaneers,
5,Thu,5-Oct,8:25PM ET,L,,,New England Patriots,14,19,26,409,319,90,,23,402,289,113,2,Tampa Bay Buccaneers,
6,Sun,15-Oct,4:05PM ET,L,,@,Arizona Cardinals,33,38,21,412,344,68,2,23,432,272,160,2,Tampa Bay Buccaneers,
7,Sun,22-Oct,1:00PM ET,L,,@,Buffalo Bills,27,30,27,447,378,69,3,23,434,261,173,1,Tampa Bay Buccaneers,
8,Sun,29-Oct,1:00PM ET,L,,,Carolina Panthers,3,17,16,279,194,85,3,14,254,154,100,1,Tampa Bay Buccaneers,
9,Sun,5-Nov,1:00PM ET,L,,@,New Orleans Saints,10,30,14,200,113,87,1,21,407,256,151,2,Tampa Bay Buccaneers,
10,Sun,12-Nov,1:00PM ET,W,,,New York Jets,15,10,17,271,181,90,1,15,275,219,56,2,Tampa Bay Buccaneers,
11,Sun,19-Nov,1:00PM ET,W,,@,Miami Dolphins,30,20,19,321,268,53,,18,448,365,83,5,Tampa Bay Buccaneers,
12,Sun,26-Nov,1:00PM ET,L,,@,Atlanta Falcons,20,34,27,373,279,94,,23,516,368,148,1,Tampa Bay Buccaneers,
13,Sun,3-Dec,1:00PM ET,L,OT,@,Green Bay Packers,20,26,25,395,230,165,1,16,276,77,199,1,Tampa Bay Buccaneers,
14,Sun,10-Dec,1:00PM ET,L,,,Detroit Lions,21,24,28,400,267,133,5,21,434,381,53,3,Tampa Bay Buccaneers,
15,Mon,18-Dec,8:30PM ET,L,,,Atlanta Falcons,21,24,22,373,289,84,1,24,410,209,201,,Tampa Bay Buccaneers,
16,Sun,24-Dec,1:00PM ET,L,,@,Carolina Panthers,19,22,20,392,326,66,3,20,255,140,115,1,Tampa Bay Buccaneers,
17,Sun,31-Dec,4:25PM ET,W,,,New Orleans Saints,31,24,28,455,345,110,3,18,323,231,92,1,Tampa Bay Buccaneers,
1,Sun,10-Sep,4:05PM ET,W,,,Indianapolis Colts,46,9,19,373,310,63,1,10,225,150,75,3,Los Angeles Rams,
2,Sun,17-Sep,4:25PM ET,L,,,Washington Redskins,20,27,14,332,235,97,2,21,385,156,229,,Los Angeles Rams,
3,Thu,21-Sep,8:25PM ET,W,,@,San Francisco 49ers,41,39,26,418,292,126,2,25,421,308,113,2,Los Angeles Rams,
4,Sun,1-Oct,1:00PM ET,W,,@,Dallas Cowboys,35,30,24,412,244,168,,22,440,251,189,2,Los Angeles Rams,
5,Sun,8-Oct,4:05PM ET,L,,,Seattle Seahawks,10,16,21,375,275,100,5,15,241,179,62,2,Los Angeles Rams,
6,Sun,15-Oct,4:05PM ET,W,,@,Jacksonville Jaguars,27,17,12,249,107,142,1,19,389,220,169,1,Los Angeles Rams,
7,Sun,22-Oct,1:00PM ET,W,,,Arizona Cardinals,33,0,28,425,228,197,1,10,196,171,25,2,Los Angeles Rams,
8,,,,,,,,,,,,,,,,,,,,Los Angeles Rams,
9,Sun,5-Nov,1:00PM ET,W,,@,New York Giants,51,17,20,473,311,162,,17,319,208,111,3,Los Angeles Rams,
10,Sun,12-Nov,4:05PM ET,W,,,Houston Texans,33,7,19,443,339,104,,17,283,194,89,4,Los Angeles Rams,
11,Sun,19-Nov,1:00PM ET,L,,@,Minnesota Vikings,7,24,15,254,209,45,1,27,451,280,171,,Los Angeles Rams,
12,Sun,26-Nov,4:25PM ET,W,,,New Orleans Saints,26,20,24,415,327,88,1,14,346,223,123,,Los Angeles Rams,
13,Sun,3-Dec,4:25PM ET,W,,@,Arizona Cardinals,32,16,18,303,213,90,1,19,305,187,118,2,Los Angeles Rams,
14,Sun,10-Dec,4:25PM ET,L,,,Philadelphia Eagles,35,43,17,307,198,109,2,29,455,316,139,1,Los Angeles Rams,
15,Sun,17-Dec,4:05PM ET,W,,@,Seattle Seahawks,42,7,19,352,108,244,1,11,149,71,78,2,Los Angeles Rams,
16,Sun,24-Dec,1:00PM ET,W,,@,Tennessee Titans,27,23,20,402,286,116,1,19,366,269,97,1,Los Angeles Rams,
17,Sun,31-Dec,4:25PM ET,L,,,San Francisco 49ers,13,34,15,251,149,102,2,25,461,292,169,3,Los Angeles Rams,
1,Sun,10-Sep,4:25PM ET,L,,@,Green Bay Packers,9,17,12,225,135,90,1,26,370,286,84,1,Seattle Seahawks,
2,Sun,17-Sep,4:25PM ET,W,,,San Francisco 49ers,12,9,21,312,181,131,,11,248,89,159,1,Seattle Seahawks,
3,Sun,24-Sep,4:05PM ET,L,,@,Tennessee Titans,27,33,24,433,364,69,,21,420,225,195,,Seattle Seahawks,
4,Sun,1-Oct,8:30PM ET,W,,,Indianapolis Colts,46,18,22,477,283,194,2,16,237,139,98,2,Seattle Seahawks,
5,Sun,8-Oct,4:05PM ET,W,,@,Los Angeles Rams,16,10,15,241,179,62,2,21,375,275,100,5,Seattle Seahawks,
6,,,,,,,,,,,,,,,,,,,,Seattle Seahawks,
7,Sun,22-Oct,4:25PM ET,W,,@,New York Giants,24,7,26,425,321,104,1,14,177,131,46,1,Seattle Seahawks,
8,Sun,29-Oct,4:05PM ET,W,,,Houston Texans,41,38,21,479,446,33,1,25,509,367,142,3,Seattle Seahawks,
9,Sun,5-Nov,4:05PM ET,L,,,Washington Redskins,14,17,22,437,289,148,2,16,244,193,51,1,Seattle Seahawks,
10,Thu,9-Nov,8:25PM ET,W,,@,Arizona Cardinals,22,16,14,287,212,75,,24,290,256,34,1,Seattle Seahawks,
11,Mon,20-Nov,8:30PM ET,L,,,Atlanta Falcons,31,34,26,360,224,136,2,22,279,190,89,1,Seattle Seahawks,
12,Sun,26-Nov,4:05PM ET,W,,@,San Francisco 49ers,24,13,20,318,228,90,1,16,280,196,84,1,Seattle Seahawks,
13,Sun,3-Dec,8:30PM ET,W,,,Philadelphia Eagles,24,10,20,310,209,101,,25,425,327,98,2,Seattle Seahawks,
14,Sun,10-Dec,4:25PM ET,L,,@,Jacksonville Jaguars,24,30,17,401,260,141,3,20,424,268,156,1,Seattle Seahawks,
15,Sun,17-Dec,4:05PM ET,L,,,Los Angeles Rams,7,42,11,149,71,78,2,19,352,108,244,1,Seattle Seahawks,
16,Sun,24-Dec,4:25PM ET,W,,@,Dallas Cowboys,21,12,15,136,60,76,,21,282,154,128,3,Seattle Seahawks,
17,Sun,31-Dec,4:25PM ET,L,,,Arizona Cardinals,24,26,13,296,195,101,,19,259,143,116,1,Seattle Seahawks,
1,Sun,10-Sep,1:00PM ET,L,,@,Detroit Lions,23,35,24,308,263,45,4,19,367,285,82,1,Arizona Cardinals,
2,Sun,17-Sep,1:00PM ET,W,OT,@,Indianapolis Colts,16,13,17,389,306,83,1,18,266,190,76,1,Arizona Cardinals,
3,Mon,25-Sep,8:30PM ET,L,,,Dallas Cowboys,17,28,22,332,283,49,,15,273,174,99,,Arizona Cardinals,
4,Sun,1-Oct,4:05PM ET,W,OT,,San Francisco 49ers,18,15,25,368,317,51,1,20,305,210,95,1,Arizona Cardinals,
5,Sun,8-Oct,1:00PM ET,L,,@,Philadelphia Eagles,7,34,16,307,276,31,1,19,419,297,122,1,Arizona Cardinals,
6,Sun,15-Oct,4:05PM ET,W,,,Tampa Bay Buccaneers,38,33,23,432,272,160,2,21,412,344,68,2,Arizona Cardinals,
7,Sun,22-Oct,1:00PM ET,L,,@,Los Angeles Rams,0,33,10,196,171,25,2,28,425,228,197,1,Arizona Cardinals,
8,,,,,,,,,,,,,,,,,,,,Arizona Cardinals,
9,Sun,5-Nov,4:05PM ET,W,,@,San Francisco 49ers,20,10,20,368,201,167,2,17,329,266,63,2,Arizona Cardinals,
10,Thu,9-Nov,8:25PM ET,L,,,Seattle Seahawks,16,22,24,290,256,34,1,14,287,212,75,,Arizona Cardinals,
11,Sun,19-Nov,1:00PM ET,L,,@,Houston Texans,21,31,17,292,244,48,2,22,357,223,134,2,Arizona Cardinals,
12,Sun,26-Nov,4:25PM ET,W,,,Jacksonville Jaguars,27,24,20,344,236,108,2,19,219,128,91,3,Arizona Cardinals,
13,Sun,3-Dec,4:25PM ET,L,,,Los Angeles Rams,16,32,19,305,187,118,2,18,303,213,90,1,Arizona Cardinals,
14,Sun,10-Dec,4:05PM ET,W,,,Tennessee Titans,12,7,16,261,125,136,,14,204,139,65,2,Arizona Cardinals,
15,Sun,17-Dec,1:00PM ET,L,,@,Washington Redskins,15,20,19,286,145,141,2,14,218,187,31,1,Arizona Cardinals,
16,Sun,24-Dec,4:25PM ET,W,,,New York Giants,23,0,19,289,215,74,2,12,293,250,43,3,Arizona Cardinals,
17,Sun,31-Dec,4:25PM ET,W,,@,Seattle Seahawks,26,24,19,259,143,116,1,13,296,195,101,,Arizona Cardinals,
1,Sun,10-Sep,4:25PM ET,L,,,Carolina Panthers,3,23,13,217,166,51,2,20,287,171,116,2,San Francisco 49ers,
2,Sun,17-Sep,4:25PM ET,L,,@,Seattle Seahawks,9,12,11,248,89,159,1,21,312,181,131,,San Francisco 49ers,
3,Thu,21-Sep,8:25PM ET,L,,,Los Angeles Rams,39,41,25,421,308,113,2,26,418,292,126,2,San Francisco 49ers,
4,Sun,1-Oct,4:05PM ET,L,OT,@,Arizona Cardinals,15,18,20,305,210,95,1,25,368,317,51,1,San Francisco 49ers,
5,Sun,8-Oct,1:00PM ET,L,OT,@,Indianapolis Colts,23,26,23,402,336,66,,25,447,288,159,1,San Francisco 49ers,
6,Sun,15-Oct,1:00PM ET,L,,@,Washington Redskins,24,26,21,335,250,85,1,25,419,325,94,2,San Francisco 49ers,
7,Sun,22-Oct,4:05PM ET,L,,,Dallas Cowboys,10,40,23,290,187,103,3,27,501,236,265,,San Francisco 49ers,
8,Sun,29-Oct,1:00PM ET,L,,@,Philadelphia Eagles,10,33,14,238,144,94,2,19,304,192,112,1,San Francisco 49ers,
9,Sun,5-Nov,4:05PM ET,L,,,Arizona Cardinals,10,20,17,329,266,63,2,20,368,201,167,2,San Francisco 49ers,
10,Sun,12-Nov,4:25PM ET,W,,,New York Giants,31,21,21,474,288,186,2,19,374,260,114,1,San Francisco 49ers,
11,,,,,,,,,,,,,,,,,,,,San Francisco 49ers,
12,Sun,26-Nov,4:05PM ET,L,,,Seattle Seahawks,13,24,16,280,196,84,1,20,318,228,90,1,San Francisco 49ers,
13,Sun,3-Dec,1:00PM ET,W,,@,Chicago Bears,15,14,23,388,278,110,1,8,147,85,62,,San Francisco 49ers,
14,Sun,10-Dec,1:00PM ET,W,,@,Houston Texans,26,16,20,416,314,102,1,18,311,221,90,1,San Francisco 49ers,
15,Sun,17-Dec,4:25PM ET,W,,,Tennessee Titans,25,23,23,414,363,51,,23,328,238,90,1,San Francisco 49ers,
16,Sun,24-Dec,4:05PM ET,W,,,Jacksonville Jaguars,44,33,26,369,238,131,1,32,472,380,92,3,San Francisco 49ers,
17,Sun,31-Dec,4:25PM ET,W,,@,Los Angeles Rams,34,13,25,461,292,169,3,15,251,149,102,2,San Francisco 49ers,
